{"cameraMode":{"drawMode":0,"name":"Shaded","section":"Shading Mode"},"sceneLighting":true,"audioPlay":false,"sceneViewState":{"m_AlwaysRefresh":false,"showFog":true,"showSkybox":true,"showFlares":true,"showImageEffects":true,"showParticleSystems":true,"showVisualEffectGraphs":true,"m_FxEnabled":true},"in2DMode":false,"pivot":{"x":-2.190162420272827,"y":13.698219299316407,"z":-92.49923706054688},"rotation":{"x":-0.3180074095726013,"y":0.060240112245082858,"z":-0.020250175148248674,"w":-0.9459457397460938},"size":2.9398152828216554,"orthographic":false}