{"cameraMode":{"drawMode":0,"name":"Shaded","section":"Shading Mode"},"sceneLighting":true,"audioPlay":false,"sceneViewState":{"m_AlwaysRefresh":false,"showFog":true,"showSkybox":true,"showFlares":true,"showImageEffects":true,"showParticleSystems":true,"showVisualEffectGraphs":true,"m_FxEnabled":true},"in2DMode":false,"pivot":{"x":24.75139617919922,"y":-22.518659591674806,"z":-27.989398956298829},"rotation":{"x":0.26860326528549197,"y":0.19488006830215455,"z":-0.05535297840833664,"w":0.941699743270874},"size":40.070762634277347,"orthographic":false}